[{"user_name":"kiisanta","comment":"ホワイトカラーが上品なアジサイ「タイニーガール ホワイト」\nタイニーガールのホワイトはとてもにコンパクト、花弁も固く傷みにくくて多花性で上品なお花が特徴のアジサイです。花持ちがよく秋色アジサイとしても楽しめます。\nミルクのような上品なホワイトカラーのタイニーガールぜひお手元でお楽しみください。"},{"user_name":"GreenSnapSTORE公式","comment":"多肉の生長記録載せときます\n去年の１０月の多肉フェスで初めてお迎えしたリエールさんの苗下が購入時です"},{"user_name":"鬼太郎","comment":"オマケで頂いた月下美人"},{"user_name":"ogomasap","comment":"良い苗と知り、安心＆嬉しい気持ちです。 元気いっぱいの苗にしなきゃ！"},{"user_name":"e-RAN","comment":"12月9日入荷の植物達です"},{"user_name":"syou","comment":"ネットで買った葉刺し苗から脇芽が出ていました。 来年はキレイな花が咲くといいなー"},{"user_name":"chiaking","comment":"繊細で清楚で綺麗。 儚い花はなんて綺麗なんだろうか。"},{"user_name":"Cicely","comment":"台湾の友人からいただいた写真をコラージュしました。上が蕾で下が開いたばかりです"}]